0	4.329780281177467e-17	0.7071067811865476	0.7071067811865475	0.0
1	-0.035340609509366946	0.699166734249708	0.7062230818371109	0.10566871683993566
2	-0.07059288589999412	0.6755249097756645	0.7035741925769523	0.20896434210788312
3	-0.10566871683993559	0.636712252173355	0.6991667342497075	0.3075670787524794
4	-0.1404804310189812	0.5836004100574027	0.6930117232058353	0.39926252188357425
5	-0.17494101728127343	0.5173821608993935	0.6851245437674768	0.4819913895320893
6	-0.2089643421078832	0.43954462381734133	0.6755249097756644	0.5538957696834954
7	-0.24246536490574877	0.35183586208633644	0.664236815315985	0.6133608449762377
8	-0.27536035056487107	0.25622562540598603	0.651288474745862	0.6590511580183371
9	-0.30756707875247946	0.15486111356869006	0.6367122521733549	0.6899406028813386
10	-0.3390050494210448	0.05001875498139319	0.6205445805637456	0.7053354692273113
11	-0.36959568401647463	-0.05594691700874843	0.6028258706760969	0.7048900215474866
12	-0.39926252188357425	-0.16065614185727017	0.5836004100574025	0.6886142636364255
13	-0.42793141137786705	-0.2617573761137687	0.5629162523467828	0.6568737139283585
14	-0.4555306952060858	-0.3569801040181725	0.5408250971664131	0.6103811967411633
15	-0.48199138953208936	-0.4441858283897686	0.5173821608993933	0.5501808337789449
16	-0.5072473564005259	-0.5214160966635586	0.4926460386775455	0.4776245954095519
17	-0.5312354690472778	-0.5869364835126926	0.46667855792410123	0.3943419383247928
18	-0.5538957696834953	-0.6392755423021113	0.43954462381734144	0.3022032114560355
19	-0.5751716193588449	-0.6772578506077209	0.4113120570614531	0.20327765196944303
20	-0.5950098395293861	-0.7000304076699752	0.38205142437008976	0.09978691466023237
21	-0.6133608449762378	-0.7070817909519759	0.35183586208633655	-0.005944821624423835
22	-0.6301787677428019	-0.6982536415870899	0.3207408933799423	-0.11154305003167014
23	-0.6454215717807672	-0.6737442207776918	0.2888442394787265	-0.21463626200775326
24	-0.6590511580183372	-0.6341039572759843	0.2562256254059857	-0.31290920626746765
25	-0.6710334595880696	-0.5802230859408787	0.22296658070945655	-0.40415488434663693
26	-0.681338526976302	-0.5133116549822947	0.18915023567990402	-0.4863241150296145
27	-0.6899406028813387	-0.43487235088707576	0.15486111356868995	-0.5575715545416104
28	-0.6968181865932928	-0.3466667513200949	0.12018491932366328	-0.6162971389915515
29	-0.7019540877346593	-0.2506757638876363	0.08520832537142335	-0.6611820183575398
30	-0.7053354692273113	-0.14905513922314365	0.05001875498139312	-0.6912181750150739
31	-0.7069538793785065	-0.04408705747551242	0.014704163753173221	-0.7057310616397374
32	-0.7068052730057185	0.06187112453696231	-0.020647180226649155	-0.7043947500858674
33	-0.7048900215474868	0.1664398144785671	-0.05594691700874851	-0.6872392510300471
34	-0.7012129121350129	0.26727062500993304	-0.09110681563491713	-0.6546498399960086
35	-0.6957831356268267	0.3620991135048549	-0.12603899466951057	-0.6073584048969752
36	-0.6886142636364256	0.4487956365498289	-0.16065614185726998	-0.5464270094109859
37	-0.6797242146103093	0.5254131771438784	-0.19487173235848756	-0.4732240413203618
38	-0.6691352090411952	0.5902310705028775	-0.22860024501604514	-0.3893934814721828
39	-0.6568737139283585	0.6417936464810705	-0.2617573761137688	-0.2968179835126751
40	-0.642970376623918	0.678942920784305	-0.2942602500918142	-0.1975765935450781
41	-0.6274599482304166	0.7008446008008141	-0.32602762669240604	-0.09389805923632011
42	-0.6103811967411633	0.7070068220146475	-0.3569801040181724	0.011889223050679742
43	-0.5917768101404394	0.6972911942223029	-0.38704031699553754	0.11740949901960543
44	-0.5716932897057693	0.6719159094783456	-0.41613313074711455	0.22029301076041324
45	-0.5501808337789448	0.6314508419722576	-0.44418582838976867	0.3182292164030936
46	-0.5272932122963119	0.576804749882715	-0.47112829278895624	0.4090186799068454
47	-0.5030876323919349	0.5092048666280659	-0.49689318181504294	0.49062246565184275
48	-0.477624595409552	0.43016933984950695	-0.5214160966635588	0.5612079285375782
49	-0.4509677456807262	0.3414731370880003	-0.5446357428186694	0.6191898712408657
50	-0.4231837114471603	0.24510818383990107	-0.5664940832575452	0.6632661443302419
51	-0.394341938324793	0.14323862920464783	-0.5869364835126927	0.6924468897349265
52	-0.3645145157259252	0.03815224376162141	-0.6059118482296695	0.7060767708230837
53	-0.33377599667323266	-0.06779095882493458	-0.6233727488788633	0.7038496898497548
54	-0.30220321145603574	-0.17221172262491746	-0.6392755423021115	0.6858156622522983
55	-0.2698750755945889	-0.2727649824011901	-0.6535804797978707	0.6523796934114966
56	-0.2368723925923777	-0.36719252871914426	-0.6662518064722694	0.604292683103842
57	-0.20327765196944325	-0.45337372246218777	-0.6772578506077207	0.5426345619114019
58	-0.16917482308153953	-0.5293731198144835	-0.6865711028257233	0.46879003830913535
59	-0.13464914524047694	-0.5934839381564765	-0.6941682848459796	0.3844175010978033
60	-0.09978691466023235	-0.64426638672293	-0.7000304076699748	0.2914117755667741
61	-0.06467526876135758	-0.6805800011995051	-0.7041428190435844	0.19186156980302643
62	-0.02940196837280848	-0.7016092560925652	-0.7064952400800761	0.08800256681050611
63	0.005944821624423805	-0.7068818796735954	-0.7070817909519759	-0.017832784110301987
64	0.04127675266359797	-0.6962794601840683	-0.705901005587574	-0.1232676491451932
65	0.07650551331763035	-0.6700401051082586	-0.7029558353353401	-0.22593418852956715
66	0.11154305003167013	-0.6287530937924749	-0.6982536415870899	-0.32352673312477787
67	0.14630178721112785	-0.5733456435013559	-0.691806177378339	-0.41385356477625784
68	0.180694846115056	-0.5050620861170633	-0.6836295580118344	-0.4948861375782111
69	0.21463626200775285	-0.4254359231278345	-0.6737442207776917	-0.564804634641366
70	0.2480411990258349	-0.3362553864905853	-0.6621748738708121	-0.6220388372570211
71	0.2808261622237118	-0.2395232787963577	-0.6489504346332634	-0.6653033886240489
72	0.3129092062674673	-0.13741199464191511	-0.6341039572759845	-0.6936266601915833
73	0.34421014025551877	-0.03221473333049735	-0.6176725502604725	-0.7063725723415686
74	0.3746507281541067	0.07370600144067802	-0.5996972835469556	-0.7032548793656725
75	0.40415488434663716	0.17797145832020678	-0.5802230859408789	-0.6843435979267863
76	0.43264886380809575	0.2782400599295633	-0.5592986327942914	-0.6500634346357229
77	0.4600614464292068	0.37225998964287915	-0.5369762243428158	-0.6011842480563536
78	0.4863241150296144	0.45791976253373645	-0.5133116549822945	-0.5388037593419762
79	0.5113712266151512	0.5332956447745185	-0.48836407381185987	-0.4643228997847625
80	0.5351401764511364	0.5966948565508583	-0.4621958367919886	-0.3794143489191608
81	0.5575715545416102	0.6466935882468499	-0.434872350887076	-0.28598496974563825
82	0.5786092941233827	0.6821689761394725	-0.4064619105820876	-0.1861329846986398
83	0.5982008118037412	0.7023243194970539	-0.37703552718191524	-0.08210085409421713
84	0.6162971389915511	0.7067069727601267	-0.34666675132009495	0.023775084694221904
85	0.6328530442932275	0.6952185109848416	-0.31543148912052843	0.1291170863364703
86	0.647827146567665	0.6681169402550176	-0.2834078124717045	0.23155939657952349
87	0.6611820183575398	0.626010903421726	-0.25067576388763646	0.3288013819878416
88	0.672884279438459	0.5698460112970144	-0.21731715644326394	0.41865919721043143
89	0.6829046802521405	0.5008836062736801	-0.18341536928437033	0.4991148294393517
90	0.6912181750150737	0.42067243529442333	-0.14905513922314376	0.5683614186267916
91	0.6978039843199363	0.33101386833441415	-0.1143223489402751	0.6248438356663903
92	0.7026456470732891	0.23392144351517052	-0.07930381232298363	0.6672936072403054
93	0.7057310616397373	0.1315756473792879	-0.04408705747551233	0.6947574029952621
94	0.7070525160897185	0.026274945863531747	-0.008760107944447936	0.7066184452870364
95	0.7066067074753074	-0.07961583429089703	0.026588737294301546	0.7026103606766443
96	0.7043947500858676	-0.18371861444870877	0.06187112453696266	0.6828231621035176
97	0.7004221726629072	-0.28369547059983297	0.09699886619013949	0.6477012273889399
98	0.6946989045811058	-0.3773011380924305	0.13188416119387386	0.598033319468202
99	0.6872392510300471	-0.46243343543646315	0.16643981447856687	0.5349348724755476
100	0.6780618572586966	-0.5371804747679273	0.20057945490724338	0.4598229414982509
101	0.6671896619719879	-0.599863598728495	0.23421775115841312	0.37438437857434564
102	0.6546498399960087	-0.6490750794908067	0.2672706250099331	0.2805379496324926
103	0.6404737343550853	-0.6837097332905995	0.2996554614907791	0.18039124314582794
104	0.624696777930547	-0.7029897404714136	0.3312913153754454	0.07619333823855373
105	0.6073584048969752	-0.7064821136371968	0.36209911350485513	-0.029715704782467545
106	0.5885019521573034	-0.6941084216157558	0.392001852428076	-0.13495739713733493
107	0.5681745510231305	-0.6661465508537947	0.42092479087084445	-0.23716823730338102
108	0.5464270094109859	-0.6232244646864105	0.44879563654982907	-0.3340527901639754
109	0.5233136848489992	-0.5663061006343957	0.4755447268656885	-0.42343523753257206
110	0.49889234861138865	-0.4966697224456462	0.50110520302329	-0.5033082423383953
111	0.4732240413203617	-0.41587921304715575	0.5254131771438785	-0.571878029089489
112	0.4463729203763507	-0.3257489531060135	0.5484078919514997	-0.6276046682031102
113	0.4184060995979221	-0.22830307395118504	0.5700318726345517	-0.669236659504274
114	0.3893934814721831	-0.12572999994763687	0.5902310705028775	-0.6958390382216043
115	0.35940758243496834	-0.020333301203061815	0.6089549980813455	-0.7068143722804352
116	0.3285233516175165	0.08552003965053928	0.6261568553022426	-0.7019161793392216
117	0.2968179835126751	0.18945278478385374	0.6417936464810704	-0.6812544622515456
118	0.26437072502887005	0.2891308288068929	0.6558262877833656	-0.6452932386391781
119	0.2312626774141046	0.3823156177440119	0.66821970491393	-0.594840120056654
120	0.1975765935450781	0.4669144221301681	0.678942920784305	-0.5310281747768671
121	0.16339667108808914	0.5410273352030506	0.6879691329393569	-0.45529048152040885
122	0.12880834204872185	0.6029899407130004	0.6952757805494588	-0.36932794559704285
123	0.09389805923632052	0.6514106921237167	0.700844600800814	-0.27507110023937537
124	0.058753080176992406	0.6852021637474611	0.7046616745429795	-0.17463675098843778
125	0.023461249015234373	0.7036054719816548	0.7067174610794933	-0.0702804368047963
126	-0.011889223050680046	0.7062073181985361	0.7070068220146473	0.03565422447385097
127	-0.0472099782507548	0.6929492705413212	0.7055290340967996	0.14078816873676087
128	-0.08241273309168408	0.6641290761777372	0.7022877910261285	0.24276031425112607
129	-0.11740949901960586	0.6203939745405369	0.6972911942223027	0.3392805864675956
130	-0.15211280234566368	0.5627261617252075	0.6905517325751555	0.4281813481575484
131	-0.18643590288467388	0.4924207324831521	0.6820862512289604	0.5074660798720996
132	-0.2202930107604133	0.41105659518563714	0.6719159094783458	0.5753542174646775
133	-0.2535995008356338	0.3204610129456915	0.6600661278810762	0.6303211397230948
134	-0.28627212423083226	0.22266856722793807	0.6465665247198984	0.6711324080750812
135	-0.31822921640309376	0.11987546553519307	0.6314508419722575	0.6968714894173249
136	-0.34939090126492006	0.01439021932269563	0.6147568609729273	0.7069603394730463
137	-0.3796792908328478	-0.09141820019231561	0.5965263079803489	0.7011723844202634
138	-0.40901867990684515	-0.19517356401695315	0.5768047498827152	0.6796376092513716
139	-0.4373357352938865	-0.29454575036300845	0.5556414803044817	0.6428396385904437
140	-0.464559679102741	-0.3873030741588714	0.5330893963979761	0.5916048755268062
141	-0.490622465651843	-0.47136240588501327	0.5092048666280656	0.5270839423832716
142	-0.5154589515480558	-0.5448359541720289	0.4840475898803536	0.45072584021936746
143	-0.539007058511231	-0.6060736615249651	0.45768044624505244	0.3642454073913932
144	-0.5612079285375777	-0.6537002610573388	0.43016933984950734	0.26958480797991397
145	-0.5820060710140198	-0.6866461620205093	0.4015830341321999	0.16886991497156775
146	-0.6013495014158297	-0.704171470505992	0.3719929799699627	0.06436256773489402
147	-0.6191898712408657	-0.7058826058675258	0.3414731370880002	-0.04159022401564044
148	-0.6354825888556509	-0.6917411396938803	0.31009978919908965	-0.14660898899798655
149	-0.6501869309512314	-0.6620646588281227	0.27795135333402954	-0.24833523215766484
150	-0.663266144330242	-0.6175196330518022	0.24510818383990102	-0.3444844013820766
151	-0.6746875377707575	-0.5591064476104755	0.21165237153604666	-0.4328971936157529
152	-0.6844225637373232	-0.48813693671780123	0.17766753852977696	-0.5115880481517929
153	-0.6924468897349262	-0.4062049225872405	0.1432386292046482	-0.5787897380447355
154	-0.6987404591275613	-0.31515042162122386	0.10845169790374391	-0.6329930582178329
155	-0.7032875412693738	-0.21701832160959084	0.0733936938386327	-0.6729807189554217
156	-0.706076770823084	-0.11401245795834603	0.038152243761621095	-0.6978546836056173
157	-0.7071011761674103	-0.008446120297633976	0.0028154329445105606	-0.707056336547462
158	-0.7063581968224919	0.09730989901620796	-0.03252841498871212	-0.7003790284934689
159	-0.703849689849755	0.2008805477858408	-0.0677909588249341	-0.677972717387109
160	-0.699581925210226	0.2999398525249689	-0.10288406056894264	-0.6403406006706899
161	-0.693565570092895	0.39226315480834295	-0.13772000574251234	-0.5883278145556319
162	-0.6858156622522984	0.47577707230390365	-0.17221172262491702	-0.5231024540851684
163	-0.6763515724219634	0.5486060624700306	-0.20627299988689207	-0.446129340237928
164	-0.6651969558976629	0.6091145431975755	-0.2398187020740515	-0.3591371232067341
165	-0.6523796934114965	0.6559436244579411	-0.2727649824011903	-0.26407946064201865
166	-0.6379318214445775	0.6880416260435318	-0.305029492325584	-0.16309114271281724
167	-0.6218894521525178	0.7046876960379187	-0.3365315873754514	-0.0584401493219317
168	-0.6042926831038422	0.7055079995958271	-0.36719252871914404	0.047523283833241725
169	-0.5851854970569523	0.6904841144678139	-0.39693567997121093	0.15241944648764155
170	-0.5646156520261365	0.6599534447242817	-0.4256866987434546	0.2538925969707551
171	-0.5426345619114017	0.6146016433874498	-0.45337372246218804	0.34966386708587144
172	-0.5192971679905062	0.5554472141426636	-0.47992754798723514	0.4375824405768059
173	-0.49466180159437073	0.4838186379413747	-0.5052818045837505	0.5156738558241566
174	-0.4687900383091355	0.4013245381830176	-0.5293731198144835	0.5821843479965672
175	-0.44174654406926067	0.30981755450144177	-0.5521412779378706	0.6356202348279563
176	-0.4135989135263647	0.21135273647277725	-0.5735293704160327	0.6747814615010321
177	-0.38441750109780404	0.10814139163240244	-0.593483938156476	0.6987885512913097
178	-0.3542752451172621	0.0025014242749672455	-0.6119551051319891	0.7071023567183159
179	-0.3232474855269082	-0.10319471967893251	-0.6288967030447301	0.6995361676356602
180	-0.2914117755667741	-0.20657333270345532	-0.6442663867229299	0.6762599043384041
181	-0.25884768793204116	-0.30531275402114366	-0.6580257399617712	0.637796301519556
182	-0.22563661588274897	-0.397195509098757	-0.6701403715438882	0.5850091687758227
183	-0.19186156980302688	-0.4801581093447261	-0.6805800011995053	0.5190839913063188
184	-0.157606969718371	-0.5523373936142759	-0.6893185352913357	0.44150130647076063
185	-0.12295843428954356	-0.6121123707920151	-0.6963341320350912	0.35400345411221423
186	-0.08800256681050583	-0.6581406237577406	-0.701609256092565	0.2585554473604689
187	-0.05282673874529387	-0.6893884571808645	-0.7051307224008443	0.15730084267348227
188	-0.017518871344851118	-0.7051541120890372	-0.7068897291281028	0.05251360018054117
189	0.01783278411030195	-0.7050835258617552	-0.7068818796735953	-0.05345298455985021
190	0.05313986689231243	-0.6891782837135092	-0.7051071936568701	-0.1582191305048209
191	0.08831412768180104	-0.6577955830932806	-0.7015701068687308	-0.25943201587886366
192	0.12326764914519385	-0.6116402117999115	-0.6962794601840683	-0.35481861747850796
193	0.157913065682273	-0.5517487199675762	-0.6892484774642785	-0.4422367578731341
194	0.19216378179468252	-0.47946614138443044	-0.6804947325044961	-0.5197232140918138
195	0.22593418852956715	-0.3964157869334629	-0.6700401051082584	-0.585537807378758
196	0.2591398774573799	-0.3044627885296955	-0.6579107263993909	-0.6382024838565907
197	0.29169785164898826	-0.20567221227837745	-0.6441369135078076	-0.6765345084299232
198	0.32352673312477764	-0.10226268154227186	-0.628753093792475	-0.6996730264657798
199	0.3545469662572218	0.0034434485560164707	-0.611797718790942	-0.7070983967327615
200	0.3846810166185122	0.1090722462233675	-0.5933131681105248	-0.6986438614228202
201	0.41385356477625823	0.21225151638635634	-0.5733456435013556	-0.67449929117212
202	0.4419916945528334	0.3106640750784264	-0.5519450533760717	-0.6352069209758859
203	0.4690250752778504	0.40209978839623906	-0.5291648880647757	-0.5816491727594046
204	0.49488613757821115	0.4845052073423842	-0.5050620861170633	-0.5150288380839593
205	0.5195102422663437	0.5560296838628682	-0.47969689198530885	-0.4368420660414459
206	0.5428358419045151	0.6150669324126681	-0.45313270544490214	-0.348844762971254
207	0.5648046346413667	0.6602911036661088	-0.425435923127834	-0.25301315858941403
208	0.5853617099361816	0.6906865602343657	-0.3966757725656933	-0.15149942412966502
209	0.6044556858066423	0.7055706856916338	-0.36692413915688604	-0.046583339217339204
210	0.6220388372570212	0.7046092146684126	-0.3362553864905853	0.0593789070660834
211	0.6380672155658226	0.6878237397310755	-0.304746170476477	0.16400763111013392
212	0.6525007581346913	0.6555912264593773	-0.27247524774491516	0.26495309733892414
213	0.665303388624049	0.6086355476122272	-0.2395232787963581	0.3599482882064653
214	0.6764431071251533	0.5480112265060911	-0.20597262639212083	0.4468598165233584
215	0.685892070143205	0.4750797546947363	-0.17190714969037496	0.5237358367337386
216	0.6936266601915836	0.3914790158041159	-0.13741199464191475	0.5888498791585516
217	0.6996275448232645	0.2990865021972168	-0.10257338116963309	0.6407396227824796
218	0.7038797249518691	0.19997715054321236	-0.0674783876636129	0.6782397358313779
219	0.7063725723415689	0.09637674321316048	-0.03221473333049737	0.7005080466116178
220	0.7070998561721388	-0.009388077993525064	0.003129441058834373	0.707044456870703
221	0.7060597586127646	-0.11494206320797504	0.03846579347530166	0.6977021729258793
222	0.7032548793656727	-0.21791469748315923	0.07370600144067872	0.6726910023337782
223	0.6986922291682277	-0.31599343744908126	0.10876198278779634	0.6325726420650151
224	0.6923832122697406	-0.40697564605133096	0.1435461158200913	0.5782480640011703
225	0.6843435979267862	-0.4888180590306993	0.1779714583202069	0.5109372810487209
226	0.6745934809882707	-0.5596826722334488	0.21195196486026682	0.4321519482793359
227	0.6631572316687776	-0.617978019222084	0.24540270187062563	0.34366141441591846
228	0.650063434635723	-0.6623949121805499	0.27824005992956313	0.24745298607477242
229	0.6353448175625713	-0.6919358434501425	0.3103819627433002	0.14568729714336867
230	0.6190381693266978	-0.7059373874010131	0.3417480722939789	0.04064978560130539
231	0.6011842480563536	-0.7040850995415642	0.37225998964287965	-0.06530063248962875
232	0.5818276792565724	-0.6864205782638229	0.4018414508869278	-0.16978453915465674
233	0.5610168442686483	-0.6533405306332398	0.4304185177787395	-0.27045545110401575
234	0.5388037593419763	-0.6055878632032448	0.4579197625337365	-0.36505251668893923
235	0.5152439456205236	-0.5442349979356756	0.4842764463624003	-0.45145128975555604
236	0.49039629036887855	-0.4706597879155087	0.509422691281457	-0.5277114401254993
237	0.464322899784762	-0.386514573741057	0.5332956447745187	-0.5921203292285857
238	0.43708894376587637	-0.29368907551636436	0.5558356368906465	-0.6432314722728849
239	0.4087624930190964	-0.1942679538116502	0.5769863293881521	-0.6798970231747117
240	0.37941434891916115	-0.09048399268118856	0.5966948565508583	-0.7012935527070463
241	0.34911786654209975	0.015332043852982313	0.6149119573248618	-0.7069405409447744
242	0.3179487713157533	0.12080375573614072	0.6315920984455099	-0.69671116870626
243	0.2859849697456377	0.22356247570290624	0.6466935882468502	-0.6708351656387636
244	0.2533063546892501	0.3213004644374887	0.6601786808690838	-0.6298936509858263
245	0.21999460566553994	0.41182273742350384	0.6720136706035551	-0.5748060829018877
246	0.18613298469864042	0.49309635956413356	0.6821689761394719	-0.5068096094043586
247	0.15180612820617895	0.5632961005216294	0.6906192145017754	-0.42743128469629665
248	0.1170998354523064	0.6208454254557453	0.6973432644953578	-0.3384537748211334
249	0.0821008540942173	0.6644519005974491	0.7023243194970541	-0.24187532282652957
250	0.046896663358192175	0.6931362185250366	0.7055499294634422	-0.13986487253350166
251	0.011575255387080466	0.7062541912975773	0.707012032049472	-0.03471335873414205
252	-0.023775084694222477	0.7035112175272694	0.7067069727601267	0.07121774226482536
253	-0.05906599944561337	0.6849688984914948	0.7046355140847579	0.1755494463088636
254	-0.0942092799593693	0.651043654700927	0.7008028335912582	0.275938688250959
255	-0.12911708633647018	0.6024973739926196	0.6952185109848419	0.37013094214344977
256	-0.16370216724060976	0.5404203011717053	0.6878965041637639	0.4560108530303675
257	-0.19787807798108836	0.46620655346351525	0.6788551143318506	0.5316497432592913
258	-0.23155939657952404	0.38152281164623203	0.6681169402550174	0.5953489264234493
259	-0.26466193728031456	0.28827088999375056	0.6557088217761224	0.6456778561962697
260	-0.2971029609711756	0.18854502562717762	0.6416617727293407	0.6815062533177864
261	-0.32880138198784103	0.08458484646397196	0.6260109034217263	0.7020294892300937
262	-0.35967797078598607	-0.02127492599670522	0.6087953328757337	0.7067866563000711
263	-0.3896555519738313	-0.12665690948551186	0.5900580910520327	0.6956709188111709
264	-0.41865919721043154	-0.22919445184337303	0.5698460112970145	0.6689319122632856
265	-0.4466164124874997	-0.32658478092674903	0.5482096132838199	0.6271701370976037
266	-0.47345731932668156	-0.4166407199055262	0.5252029767394627	0.5713234727512994
267	-0.499114829439352	-0.49733980653932247	0.5008836062736797	0.5026461149073265
268	-0.5235248124124015	-0.5668697133192482	0.47531228764735267	0.42268040896326525
269	-0.5466262560008724	-0.6236689484366166	0.44855293583976064	0.3332222122787806
270	-0.5683614186267917	-0.666461923522573	0.4206724352944236	0.23628056309098344
271	-0.5886759737030491	-0.6942876006128696	0.39174047274281826	0.13403256184682924
272	-0.60751914542157	-0.7065210749886582	0.36182936302385055	0.028774478220653654
273	-0.6248438356663906	-0.7028876091892637	0.3310138683344136	-0.07712981815225961
274	-0.6406067417344251	-0.6834688030232536	0.29937101136282984	-0.18130194509149886
275	-0.6547684645696645	-0.6487007610126552	0.2669798827722488	-0.2814024212077816
276	-0.6672936072403051	-0.5993642984255733	0.2339214435151712	-0.37518320561136553
277	-0.6781508634126374	-0.5365674058486121	0.20027832247323843	-0.4605381840639176
278	-0.6873130956005798	-0.4617203661069851	0.16613460992805776	-0.535550467763806
279	-0.6947574029952623	-0.37650408235264093	0.13157564737928795	-0.5985354425360254
280	-0.7004651787051172	-0.2828323286033004	0.09668781423534388	-0.6480786016347357
281	-0.7044221562634225	-0.18280877050384817	0.06155831190985029	-0.6830673125152976
282	-0.7066184452870365	-0.07867972153120457	0.026274945863531178	-0.7027158041625164
283	-0.7070485561972055	0.02721630436361089	-0.009074093863718206	-0.7065828138136304
284	-0.7057114139406507	0.1325011107372942	-0.04440045308200628	-0.6945814967686536
285	-0.7026103606766444	0.23481022781926003	-0.07961583429089701	-0.6669813767351133
286	-0.6977531474233487	0.3318460134052241	-0.11463221737718675	-0.6244022929066321
287	-0.6911519146843091	0.42142925294766354	-0.14936207961933826	-0.5678004797109406
288	-0.682823162103518	0.5015481000164574	-0.18371861444870777	-0.4984470918461472
289	-0.672787707224896	0.5704032580324322	-0.2176159484207611	-0.4178996568866579
290	-0.6610706334592771	0.6264483885894576	-0.25096935585395663	-0.32796709657170176
291	-0.6477012273889401	0.6684248388813587	-0.28369547059983236	-0.23066910232285018
292	-0.6327129055664091	0.6953899083304351	-0.3157124944149535	-0.12819077732890566
293	-0.6161431309904742	0.7067380196101005	-0.3469404014139248	-0.022833563839075866
294	-0.598033319468202	0.702214318606091	-0.37730113809243043	0.08303644226834028
295	-0.578428736096992	0.6819203978904359	-0.4067188184203383	0.1870416288983538
296	-0.5573783821254014	0.6463120151713105	-0.4351199135172624	0.2868462637811403
297	-0.534934872475547	0.5961888579574686	-0.46243343543646365	0.3802089499832549
298	-0.511154304233201	0.5326765843008201	-0.4885911145977505	0.465032962850604
299	-0.48609611643428674	0.45720154294335097	-0.5135275704258775	0.5394133379239148
300	-0.4598229414982512	0.3714587405994204	-0.5371804747679275	0.601679652333609
301	-0.4324004486796277	0.27737377575915334	-0.5594907076812419	0.6504335388962588
302	-0.40389717992910545	0.17705959389771553	-0.5804025052024808	0.6845800904268077
303	-0.3743843785743467	0.07276903527517459	-0.5998635987284945	0.7033524489934759
304	-0.34393581124876643	-0.03315575899891887	-0.6178253456606106	0.706329027893662
305	-0.31262758351337283	-0.13833594640546812	-0.6342428509857947	0.6934429795823902
306	-0.2805379496324931	-0.24040940669035918	-0.6490750794908062	0.6649836969240593
307	-0.24774711697887217	-0.3370837899929136	-0.6622849583288579	0.6215903140526027
308	-0.21433704555700922	-0.42618799808175684	-0.6738394696824255	0.5642373527967325
309	-0.18039124314582813	-0.5057209425404948	-0.6837097332905995	0.4942128370206034
310	-0.14599455657272709	-0.5738964848994333	-0.6918710786346925	0.41308936638465366
311	-0.11123295964068812	-0.6291835494549441	-0.6983031066016914	0.3226887991475349
312	-0.07619333823855313	-0.6703405079289466	-0.7029897404714135	0.22504133715733637
313	-0.040963273171546424	-0.6964430637632524	-0.7059192660999368	0.12233993189492437
314	-0.005630821254869849	-0.7069050098275956	-0.7070843611988571	0.016891035511392673
315	0.029715704782467604	-0.7014913933679882	-0.7064821136371968	-0.08893719711480921
316	0.06498795703349002	-0.6803237925390481	-0.704114028720216	-0.19276809203103673
317	0.10009777323700254	-0.6438775860207533	-0.699986025426932	-0.29226983118359545
318	0.13495739713733382	-0.592971277038148	-0.6941084216157561	-0.38520782002413767
319	0.1694796978292767	-0.5287481115434864	-0.686495908235218	-0.4694948716857265
320	0.20357838753996566	-0.45265040337685447	-0.6771675126042505	-0.5432380807001391
321	0.23716823730338052	-0.36638714300674424	-0.6661465508537947	-0.6047813335738426
322	0.2701652899883672	-0.2718956172885161	-0.6534605696486218	-0.6527425015266715
323	0.3024870701477461	-0.1712979021781589	-0.6391412773350134	-0.6860444801245483
324	0.3340527901639743	-0.06685320548125318	-0.6232244646864112	-0.7039393787229704
325	0.3647835521761249	0.03909287008380952	-0.6057499154451187	-0.7060253164785314
326	0.39460254528343663	0.144161004066017	-0.5867613068836708	-0.692255447726255
327	0.42343523753257256	0.2459915926895861	-0.5663061006343953	-0.6629390140322416
328	0.45120956220868597	0.34229774046775463	-0.5444354240600496	-0.618734399294778
329	0.477856097964673	0.4309166189451543	-0.5212039424620432	-0.5606343438613768
330	0.5033082423383956	0.5098580391621621	-0.4966697224456461	-0.48994364972077686
331	0.5275023782241371	0.5773491470083008	-0.47089408678372585	-0.40824987746328517
332	0.5503780328822467	0.6318742377035418	-0.4439414611417462	-0.3173876930924825
333	0.5718780290894889	0.6722087952599909	-0.4158792130471556	-0.21939766538208974
334	0.5919486280523264	0.6974469924710759	-0.38677748350565655	-0.11648043910052486
335	0.6105396637259206	0.7070220338377637	-0.3567090116852109	-0.010947313273681869
336	0.62760466820311	0.7007188845735209	-0.32574895310601415	0.09483166560828071
337	0.6431009878599845	0.6786790998220387	-0.2939746917908276	0.19848092972562212
338	0.656989889967729	0.6413976456338789	-0.26146564684522405	0.2976727400608214
339	0.6692366595042736	0.5897117830960649	-0.22830307395118624	0.3901794623985988
340	0.6798106859237736	0.5247822652530814	-0.19456986227021067	0.4739235951879215
341	0.688685539667025	0.44806726909594896	-0.16035032726358492	0.5470244257479719
342	0.6958390382216043	0.361289648050639	-0.1257299999476362	0.6078402670204117
343	0.7012533015665956	0.26639824040437804	-0.0907954131107367	0.6550053263214364
344	0.7049147968633297	0.16552410259917177	-0.0556338850263999	0.6874603781009774
345	0.7068143722804352	0.06093265029837318	-0.02033330120306181	0.7044765518650115
346	0.7069472798686488	-0.045027217965127105	0.015018105283905379	0.7056717010354892
347	0.7053131874282168	-0.14997587198605286	0.05033197432894084	0.6910189851386307
348	0.7019161793392217	-0.25155639125096757	0.08552003965053943	0.660847472584098
349	0.6967647463527584	-0.34748749629178044	0.12049434941098491	0.6158347504979481
350	0.6898717643684779	-0.4356147813044796	0.15516748605014946	0.5569917075765584
351	0.6812544622515458	-0.5139590974588266	0.18945278478385325	0.48563983170587255
352	0.6709343787694503	-0.5807610003143189	0.22326455022070027	0.4033815321924289
353	0.6589373087563011	-0.6345202631491795	0.2565182705559257	0.3120641531049277
354	0.6452932386391786	-0.6740295688182296	0.28913082880689184	0.2137384859090933
355	0.6300362714876793	-0.6984016234931564	0.32102071056226783	0.11061271311256854
356	0.6132045417740082	-0.7070890833689906	0.35210820772559226	0.0050028172463961185
357	0.5948401200566538	-0.6998968468259729	0.3823156177440125	-0.1007194311096965
358	0.5749889078259036	-0.6769864359913174	0.41156743782419725	-0.20417973818127505
359	0.5537005227740248	-0.6388723693004588	0.4397905536499978	-0.30305460851869304
360	0.5310281747768675	-0.586410606522216	0.4669144221301682	-0.39512352569575887
361	0.5070285328968949	-0.5207793257477403	0.4928712477193433	-0.4783188203214766
362	0.48176158374003575	-0.44345246405058075	0.5175961518716039	-0.550772105436966
363	0.4552904815204091	-0.35616661603763317	0.5410273352030508	-0.6108562364585479
364	0.4276813902076825	-0.2608820336781519	0.5631062319580775	-0.6572218533371753
365	0.39900331815159684	-0.15973860327054634	0.5837776563932672	-0.6888276842761002
366	0.3693279455970436	-0.055007788209479935	0.6029899407129999	-0.7049639304505593
367	0.33872944552077333	0.05095838318501639	0.6206950642120408	-0.7052682065591566
368	0.3072842982375865	0.15578013915293298	0.6368487733022921	-0.6897336792164732
369	0.27507110023937653	0.25710340903752094	0.6514106921237159	-0.6587092204161751
370	0.242170367744826	0.35265269063719573	0.6643444234629624	-0.6128915726181479
371	0.20866433545080254	0.4402821530792504	0.6756176397274387	-0.5533097014149488
372	0.17463675098843728	0.5180238275551475	0.685202163747461	-0.4813016871829089
373	0.14017266559766273	0.5841318036572649	0.6930740392045036	-0.39848467468161236
374	0.10535822154340949	0.6371214387626859	0.6992135905095165	-0.3067185554689597
375	0.0702804368047964	0.6758026999058251	0.7036054719816548	-0.20806419874643928
376	0.035026987575515194	0.699306889353254	0.7062387062044848	-0.10473716867987148
377	-0.00031401088100226705	0.7071061536820098	0.7071067114638118	0.00094203239530803
378	-0.035654224473850936	0.6990253382294851	0.7062073181985359	0.10660007745379027
379	-0.07090532107387361	0.6752459206895407	0.7035427744234252	0.20986411458878432
380	-0.10597919129799148	0.6363019355147385	0.6991197401102501	0.3084150561503078
381	-0.14078816873676028	0.5830679806538551	0.6929492705413214	0.4000396604541052
382	-0.175245249074748	0.5167395759674683	0.6850467886770432	0.4826802364184397
383	-0.20926430755601036	0.438806314429279	0.6754320466065432	0.5544808548696635
384	-0.24276031425112726	0.3510184090792916	0.6641290761777366	0.6138290287103104
385	-0.27564954658774177	0.2553473870121792	0.6511661289302234	0.6593919259029885
386	-0.3078497986133979	0.15394181312907013	0.6365756054811482	0.6901463020045346
387	-0.3392805864675962	0.049079038001939745	0.6203939745405365	0.7054014800302051
388	-0.36986334954953953	-0.05688594651058626	0.6026616817585098	0.7048148615697564
389	-0.3995216468787177	-0.1615733953033088	0.583423048632223	0.6883996208091349
390	-0.4281813481575487	-0.2626322539690843	0.5627261617252075	0.6565244086666684
391	-0.45577081905852307	-0.3577929584122661	0.5406227524759972	0.6099050736881917
392	-0.48222110027270504	-0.4449184043653594	0.5171680678964835	0.5495885856320003
393	-0.5074660798720997	-0.5220519421435742	0.49242073248315177	0.47692952278520373
394	-0.5314426585550392	-0.5874613187784528	0.4664426016863722	0.39355965105569557
395	-0.5540909073615763	-0.6396775806850217	0.43929860730398973	0.3013512780277487
396	-0.5753542174646771	-0.6775280631924482	0.4110565951856375	0.2023752049700998
397	-0.5951794416628002	-0.7001627260644098	0.38178715565345744	0.09885422110387732
398	-0.6135170272202277	-0.7070732435702402	0.351563447063051	-0.006886815451282502
399	-0.6303211397230954	-0.6981044203849498	0.3204610129456904	-0.11247318897849973
400	-0.6455497776415584	-0.6734576769416476	0.28855759318883734	-0.2155336571590608
401	-0.6591648773117438	-0.6336865259628401	0.2559329297268995	-0.31375370406283176
402	-0.6711324080750812	-0.5796841417579983	0.22266856722793732	-0.40492751918620296
403	-0.681422457337233	-0.5126633014541309	0.18884764927445358	-0.487007535200587
404	-0.6900093053339966	-0.4341291486361034	0.15455471054773806	-0.5581504119003152
405	-0.696871489417325	-0.3458453910666285	0.11987546553519307	-0.616758433649651
406	-0.7019918577007661	-0.2497946916122148	0.08489659428874316	-0.6615153906315094
407	-0.7053576119302474	-0.14813414190959315	0.049705525769862965	-0.6914161380823479
408	-0.7069603394730463	-0.04314681873794335	0.014390219322695567	-0.7057891696766074
409	-0.7067960343449898	0.0628094889635387	-0.02096105517849725	-0.7043116981110984
410	-0.7048651072233302	0.1673552309521162	-0.056259937958047825	-0.6870169042119443
411	-0.7011723844202636	0.2681425352499872	-0.09141820019231507	-0.6542931917647542
412	-0.695727095819665	0.3629079362871496	-0.1263479645357798	-0.6068754648029544
413	-0.6885428518071847	0.4495232074583918	-0.16096192476865306	-0.5458286232475535
414	-0.6796376092513713	0.5260431565046524	-0.1951735640169545	-0.4725236475507038
415	-0.669033626620855	0.5907493103375703	-0.2288973709996383	-0.3886068094304124
416	-0.6567574083497635	0.6421885082402585	-0.26204905376227233	-0.2959627001568805
417	-0.6428396385904432	0.6792055367241476	-0.294545750363009	-0.19667190669554813
418	-0.6273151045190593	0.7009690731334686	-0.3263062359842999	-0.09296428620930713
419	-0.6102226093857684	0.7069903553598682	-0.35725112595263264	0.01283111172608531
420	-0.5916048755268061	0.6971341583856572	-0.38730307415887144	0.11833835055433822
421	-0.5715084375808887	0.671621831146175	-0.4163869663832569	0.22118796515149466
422	-0.5499835261768595	0.6310263255099064	-0.44443010804182437	0.3190701749043079
423	-0.5270839423832716	0.5762593290147248	-0.4713624058850133	0.40978675640325324
424	-0.5028669232337363	0.5085507903312729	-0.4971165431942851	0.49130041080120995
425	-0.4773929986641495	0.4294212972674388	-0.5216281480388605	0.5617805171534074
426	-0.4507258402193681	0.3406479276443599	-0.5448359541720285	0.619644244217279
427	-0.4229321019075179	0.24422433995974613	-0.5666819541648461	0.6635920974297584
428	-0.39408125359968	0.1423160001160733	-0.5871115443945082	0.6926371027536439
429	-0.3642454073913922	0.03721154972488522	-0.6060736615249658	0.7061269719866764
430	-0.33349913735996917	-0.06872859184977498	-0.6235209101386708	0.7037587517483155
431	-0.30191929316813726	-0.17312523742154945	-0.6394096812004431	0.6855856271595342
432	-0.2695848079799136	-0.2736338633967022	-0.653700261057339	0.652015727419665
433	-0.23657650116879386	-0.36799726271957256	-0.6663569307021064	0.6038029601044552
434	-0.2029768763114121	-0.45409623687678646	-0.6773480550520992	0.5420300800272447
435	-0.16886991497156795	-0.5299971885271436	-0.6866461620205092	0.46808437290014643
436	-0.13434086679004414	-0.5939955459293302	-0.6942280111822768	0.38362649988773856
437	-0.09947603640491619	-0.6446540439483592	-0.7000746518630478	0.2905532027375137
438	-0.06436256773489425	-0.6808350019319656	-0.7041714705059919	0.19095470704934314
439	-0.02908822616491232	-0.7017258735653542	-0.7065082271980835	0.0870677803147664
440	0.0062588208216240275	-0.7068574949096869	-0.7070790812645519	-0.01877450105867541
441	0.041590224015639714	-0.6961146208126892	-0.7058826058675258	-0.1241951476137696
442	0.07681767330938623	-0.6697385130663169	-0.7029217915723857	-0.2268266389023102
443	0.1118531184257302	-0.6283215221870389	-0.6982040388729068	-0.32436409289032364
444	0.14660898899798774	-0.5727937845002693	-0.6917411396938797	-0.4146170286395132
445	0.1809984134502335	-0.504402333283759	-0.6835492479174403	-0.4955585597867317
446	0.21493543613100746	-0.42468309308860064	-0.6736488390067733	-0.5653709140420111
447	0.2483352321576654	-0.33542638618509674	-0.6620646588281226	-0.6224862564352777
448	0.2811143194344178	-0.23863672578425804	-0.6488256617990105	-0.6656218995097507
449	0.31319076731409157	-0.13648779899256025	-0.6339649385172735	-0.6938091097169065
450	0.3444844013820766	-0.03127365048573272	-0.6175196330518022	-0.7064148630835115
451	0.37491700385061666	0.07464283678902195	-0.599530850101708	-0.703156061565345
452	0.40441250906253134	0.1788830068699031	-0.5800435522559906	-0.6841058908189449
453	0.4328971936157528	0.27910585026536694	-0.5591064476104755	-0.6496921766095436
454	0.46029986063343525	0.37306057798038195	-0.5367718680229434	-0.6006877767667189
455	0.48655201771906564	0.45863716938483723	-0.5130956383107405	-0.5381932244637275
456	0.5115880481517926	0.5339137587279857	-0.4881369367178018	-0.46361201261502505
457	0.5353453748940451	0.5971997960998715	-0.461958146999871	-0.3786190744511851
458	0.5577646170015441	0.6470740135377228	-0.43462470249759255	-0.28512316812946453
459	0.5787897380447364	0.682416343640319	-0.40620492258723956	-0.18522401014063475
460	0.5983681861706842	0.7024330738670977	-0.3767698419178549	-0.08116512020332661
461	0.6164510254553337	0.706674671610678	-0.34639303286161394	0.02471656335213851
462	0.6329930582178331	0.6950458797300797	-0.3151504216212233	0.1300431661804638
463	0.6479529379911998	0.6678078558207526	-0.28312009845394637	0.2324492798528074
464	0.6612932728669553	0.6255723071780054	-0.2503821224866315	0.3296350838305704
465	0.6729807189554216	0.5692877531699182	-0.21701832160959092	0.4194179944765677
466	0.6829860637280835	0.5002182235372059	-0.18311208794948128	0.4997816811781739
467	0.6912842990336909	0.4199148710103521	-0.14874816943242966	0.5689213487858927
468	0.6978546836056174	0.33018113576335356	-0.11401245795834614	0.6252842694215343
469	0.7026807949042235	0.2330322440354034	-0.07899177471590699	0.667604653398869
470	0.7057505701646526	0.1306499504941352	-0.043773653174801634	0.6949320761310993
471	0.707056336547462	0.02533354072934256	-0.008446120297634651	0.7066528226180905
472	0.7065948303167247	-0.08055180574435786	0.02690252348162201	0.7025036701621731
473	0.7043672049976694	-0.18462813232042935	0.06218392496273799	0.6825777997824645
474	0.7003790284934687	-0.2845581090792203	0.09730989901620919	0.647322703570065
475	0.6946402691683823	-0.37809752417896936	0.13219264900015323	0.5975301349804325
476	0.6871652709320328	-0.4631456840155629	0.16674498620619996	0.5343183277576733
477	0.6779727173871085	-0.5377925902720178	0.20088054778584133	0.45910688281544354
478	0.6670855851300823	-0.6003618343629957	0.23451401261258514	0.37358488706089127
479	0.6545310863216875	-0.6494482459574997	0.26756131454033416	0.2796729801441803
480	0.6403406006706899	-0.6839494500751395	0.299939852524969	0.1794802210326088
481	0.6245495970009527	-0.7030906240516211	0.3315686970839492	0.07525672309303638
482	0.6071975445978555	-0.7064418983853524	0.3623687925778589	-0.03065687860333738
483	0.5883278145556318	-0.6939280106797159	0.39226315480834295	-0.13588199289858902
484	0.5679875713722218	-0.6658299958742393	0.4211770634385079	-0.23805549057753345
485	0.5462276550625922	-0.6227788748057324	0.4490382487548494	-0.3348827751552866
486	0.5231024540851678	-0.5657414828406762	0.47577707230390465	-0.42418931456748515
487	0.4986697693990223	-0.4959987568372882	0.5013267009521097	-0.5039694764723998
488	0.47299066999157446	-0.4151169680652081	0.525623273933833	-0.5724315704294695
489	0.44612934023792716	-0.3249125471294667	0.5486060624700313	-0.6280380854039364
490	0.41815291947335587	-0.22741129085509462	0.5702176215585671	-0.6695402189500042
491	0.38913133417992996	-0.12480286725776393	0.5904039335568048	-0.6960059226215257
492	0.3591371232067353	-0.01939164032084134	0.6091145431975747	-0.7068408337707063
493	0.32824525646052183	0.0864550810517915	0.6263026837010729	-0.7018016236518181
494	0.29653294751998227	0.19036020769009648	0.6419253936674505	-0.6810014620602389
495	0.2640794606420187	0.28999025445593296	0.6559436244579411	-0.6449074757828315
496	0.2309659126423722	0.3831077452885905	0.6683223377961236	-0.5943302579373628
497	0.19727507014584195	0.4676214620933596	0.6790305933453611	-0.5304056637986332
498	0.1630911427128175	0.5416334089915676	0.6880416260435318	-0.4545693019377498
499	0.1284995723592361	0.6034814372161715	0.695332913001746	-0.3685242935486129
500	0.0935868199960427	0.6517765733896808	0.700886229799836	-0.2742030240176177
501	0.05844014932193038	0.6854342128717813	0.7046876960379189	-0.17372374571382518
502	0.02314740870955472	0.7036984776412665	0.7067278100301649	-0.06934300660747392
503	-0.012203188369657433	0.7061591916868322	0.7070014725540638	0.03659502693262908
504	-0.0475232838332431	0.6927610926759998	0.7055079995958266	0.1417112150620222
505	-0.0827245958368909	0.6638050730279679	0.7022511240600638	0.24364487481236774
506	-0.11771913943308573	0.6199414225185521	0.6972389864394658	0.34010679594161886
507	-0.15241944648764036	0.5621552241737764	0.690484114467814	0.42893065166076816
508	-0.18673878430448923	0.49174423142881213	0.6820033918071678	0.5081216496632346
509	-0.22059137241225577	0.4102897233836178	0.6718180158475043	0.5759013308595444
510	-0.25389259697075517	0.3196209926833951	0.6599534447242819	0.6307475097343478
511	-0.28655922226153874	0.22177426354947272	0.6464393336863576	0.6714284593514701
512	-0.3185095987338262	0.11894696257317283	0.6313094609733145	0.6970305732854306
513	-0.3496638670858716	0.013448369251915782	0.6146016433874497	0.7069788832521549
514	-0.37994415787162406	-0.0923522454497756	0.5963576417714647	0.701049971657074
515	-0.40927478613378754	-0.19607882781828576	0.5766230566281083	0.6793769890726409
516	-0.43758244057680695	-0.29540190243487563	0.555447214142663	0.6424466639635202
517	-0.46479636680691405	-0.38809088717149326	0.5328830428931781	0.5910883718146072
518	-0.49084854418127216	-0.47206418725654875	0.5089869415565842	0.5264555091456579
519	-0.5156738558241575	-0.5454359434058255	0.48381863794137364	0.449999590712033
520	-0.5392102513852333	-0.6065583841563273	0.45744103969918753	0.36343765161257763
521	-0.5613989021331179	-0.6540588312609705	0.4299200770884396	0.2687136863829852
522	-0.5821843479965662	-0.6868705270826678	0.40132453818301844	0.16795499106956602
523	-0.6015146361857702	-0.7042565916710831	0.371725896937919	0.06342438874620099
524	-0.6193414510472766	-0.7058265714976918	0.3411981345415795	-0.04253058861353454
525	-0.6356202348279563	-0.6915452082002655	0.30981755450144155	-0.14753042064351143
526	-0.6503102990461862	-0.66173323040967	0.2776625919249113	-0.24921703748255802
527	-0.6633749261918573	-0.6170601508762715	0.24481361747245123	-0.34530677693980016
528	-0.674781461501032	-0.5585292306569455	0.21135273647277725	-0.43364167062421544
529	-0.6845013945758457	-0.48745494803464084	0.1773635837022986	-0.5122379072623827
530	-0.6925104306456544	-0.40543347816999914	0.14293111434173553	-0.5793303848228372
531	-0.69878855129131	-0.31430684644837126	0.10814139163240115	-0.6334123509023801
532	-0.7033200644807794	-0.21612156056086884	0.07308137176293363	-0.6732692411366603
533	-0.7060936437910561	-0.11308265035360865	0.03783868652410152	-0.6980059556973734
534	-0.707102356718316	-0.007504147611135375	0.0025014242749661353	-0.7070669613046774
535	-0.7063436820055687	0.09824288210869415	-0.03284209023213757	-0.7002487673070028
536	-0.7038195159444862	0.20178358849545697	-0.06810351661749343	-0.6777044956423824
537	-0.6995361676356604	0.3007926705042172	-0.10319471967893132	-0.6399404420498374
538	-0.693504343219139	0.3930465976039742	-0.13802798968394295	-0.5878047057585873
539	-0.6857391191146497	0.47647354547973325	-0.17251626159833222	-0.5224681430077555
540	-0.6762599043384042	0.5491999247400283	-0.20657333270345543	-0.4453980721394596
541	-0.6650903919906618	0.6095924576954541	-0.2401140780581345	-0.35832532079217605
542	-0.6522585000353232	0.6562948582544023	-0.2730546632666626	-0.2632053552434567
543	-0.6377963015195562	0.6882582911847202	-0.3053127540211438	-0.16217436485304673
544	-0.6217399444078833	0.7047649266918656	-0.3368077218943806	-0.05750128785522318
545	-0.6041295612310954	0.7054440613285435	-0.3674608458689498	0.04846314410239966
546	-0.5850091687758221	0.6902804431949419	-0.3971955090987581	0.15333919832382967
547	-0.5644265580654948	0.6596146144635192	-0.425937390411242	0.2547715847306036
548	-0.5424331749076726	0.6141352635359792	-0.4536146500716023	0.35048235059927535
549	-0.5190839913063178	0.5548637585864917	-0.48015810934472686	0.43832203846860307
550	-0.4944373680604158	0.4831312098344445	-0.5055014234059968	0.5163179583201671
551	-0.46855490889236456	0.4005485756785993	-0.529581247168806	0.5827184899433391
552	-0.4415013064707617	0.3089704840445052	-0.5523373936142749	0.6360324205489087
553	-0.4133441807124174	0.21045358143961287	-0.5737129842274622	0.6750624341934901
554	-0.3841539097677801	0.10721034510658817	-0.5936545911640272	0.6989320009143423
555	-0.35400345411221423	0.0015593955542669846	-0.6121123707920151	0.7071050617026476
556	-0.32296817418280066	-0.10412657466035302	-0.6290401882749845	0.6993980672331758
557	-0.29112564201650376	-0.207474086491677	-0.6443957328850638	0.6759840999864154
558	-0.25855544736046904	-0.30616217762798936	-0.6581406237577405	0.6373889871892104
559	-0.22533899873910707	-0.3979745263012687	-0.6702405058240339	0.58447949186886
560	-0.19155931997518155	-0.48084922509598776	-0.6806651356802742	0.5184438472241601
561	-0.15730084267348107	-0.5529250869444777	-0.6893884571808645	0.4407650714694188
562	-0.1226491951857921	-0.6125834433759544	-0.6963886665650709	0.35318766244258737
563	-0.08769098858460482	-0.6584844963207517	-0.7016482669550711	0.2576784199447173
564	-0.052513600180539965	-0.6895974070865282	-0.705154112089037	0.15638227565660112
565	-0.017204955124580583	-0.70522344677294	-0.706897439179943	0.05157412259742769
566	0.018146693359025363	-0.7050116882163749	-0.7068738908179688	-0.05439227406808016
567	0.05345298455984894	-0.6889668870574877	-0.7050835258617554	-0.15913713752080422
568	0.08862567113704913	-0.6574493749397675	-0.7015308192912892	-0.2603081239441232
569	0.12357683969176395	-0.6111669672376545	-0.6962246510227831	-0.35563315109467486
570	0.15821913050482087	-0.5511590670491916	-0.6891782837135092	-0.4429714243712168
571	0.1924659558905485	-0.4787733224432468	-0.6804093296120632	-0.5203615144461156
572	0.226231716620882	-0.3956353611892669	-0.6699397065369158	-0.5860654067394171
573	0.2594320158788637	-0.3036122826622065	-0.6577955830932805	-0.638607533479401
574	0.2919838702067301	-0.20477072681579775	-0.6440073132652293	-0.6768079117735917
575	0.32380591692133776	-0.10133046190460715	-0.6286093605465414	-0.6998086434806295
576	0.3548186174785059	0.004385466725454201	-0.6116402117999127	-0.7070931817530134
577	0.3849444562779415	0.11000290722736708	-0.5931422810598483	-0.6984979315656756
578	0.4141081344118794	0.21314991958515014	-0.5731618035196631	-0.6742159237075642
579	0.4422367578731353	0.311510044273012	-0.5517487199675755	-0.6347924797262694
580	0.4692600197521574	0.4028743249423042	-0.5289565519607492	-0.5811129651817127
581	0.49511037596769536	0.4851909168189095	-0.5048422680492665	-0.5143829062443911
582	0.5197232140918131	0.556611166713315	-0.4794661413844312	-0.4361009161765683
583	0.5430370148473189	0.6155311297858155	-0.45289159906727433	-0.3480250397092108
584	0.5649935058739166	0.6606275906897057	-0.4251850636138344	-0.252133271147452
585	0.5855378073787582	0.6908877801352846	-0.39641578693346263	-0.1505791328828095
586	0.6046185693073491	0.7056321195047057	-0.36665567723510595	-0.045643311922961005
587	0.6221880996919357	0.7045294827226392	-0.3359791192942471	0.06031755942153505
588	0.6382024838565907	0.6876046326340663	-0.3044627885296952	0.1649238284183662
589	0.6526216941810328	0.6552376648841646	-0.2721854593549744	0.2658262637835982
590	0.6654096901488293	0.6081554717895583	-0.23922780828331539	0.36075881435166557
591	0.6765345084299228	0.5474154179039603	-0.20567221227837984	0.44758949969925854
592	0.6859683427723018	0.4743815938898569	-0.17160254285476595	0.5243682898293133
593	0.6936876135031573	0.39069418198302297	-0.1371039564428918	0.5893708986407596
594	0.6996730264657801	0.29823262103553044	-0.10226268154227061	0.6411375076770018
595	0.7039096212449063	0.19907339837096938	-0.06716580319517124	0.6785055505012713
596	0.7063868085599648	0.09544341635577167	-0.03190104531935555	0.7006358214324604
597	0.707098396732762	-0.010330019026979696	0.0034434485560152716	0.7070313222954853
598	0.706042607163453	-0.11587146445258475	0.038779335603309414	0.6975484239288434
599	0.7032220787761173	-0.21881068659064032	0.07401829450748282	0.6724000917859342
600	0.6986438614228205	-0.31683589243571425	0.10907224622336766	0.6321511031901033
601	0.6923193982626558	-0.4077456471943449	0.14385357412742433	0.5777053636535365
602	0.6842644971598071	-0.4894983137644487	0.17827534301365558	0.5102856071081776
603	0.67449929117212	-0.5602579035031527	0.21225151638635636	0.43140593593766424
604	0.663048188228943	-0.6184353085735499	0.24569717150654438	0.34283781750200504
605	0.6499398101240156	-0.6627239898808001	0.27852871165457693	0.24657030079973796
606	0.6352069209758873	-0.6921293191234802	0.31066407507842436	0.14476534671553032
607	0.6188863453346886	-0.7059909160009245	0.34202294010529827	0.03970927503966176
608	0.6010188761399311	-0.7039974789310955	0.3725269259040128	-0.06623858134548005
609	0.581649172759404	-0.686193776212986	0.40209978839624017	-0.17069886199551113
610	0.5608256493640129	-0.652979640627142	0.43066761082699623	-0.2713256142100271
611	0.5386003539175627	-0.6051009900533894	0.45815898851804304	-0.36585897807271067
612	0.5150288380839603	-0.5436330757633697	0.48450520734238334	-0.4521759380330385
613	0.49017001837698176	-0.4699563345950769	0.5096404154738018	-0.5283380012586262
614	0.46408602889967177	-0.38572538731752115	0.5335017879821334	-0.5926347320050931
615	0.4368420660414461	-0.2928318794154153	0.5560296838628681	-0.643622164315397
616	0.40850622552106464	-0.19336199880970675	0.5771677951086087	-0.6801552303822377
617	0.3791493321828104	-0.08954962457446786	0.596863287449755	-0.7014134763023675
618	0.348844762971254	0.016273841171178027	0.6150669324126679	-0.7069194877024788
619	0.3176682635271102	0.12173183152843903	0.6317332303652154	-0.6965496114367817
620	0.2856977588625844	0.22445598738782147	0.6468205242421551	-0.6705367325700791
621	0.2530131585894165	0.32213934566887825	0.6602911036661077	-0.6294650442812745
622	0.21969615718648078	0.4125881487374345	0.6721112992038543	-0.5742569281440291
623	0.18583002980612562	0.4937711114726199	0.6822515665223894	-0.5061522394251492
624	0.15149942412966394	0.5638650395514855	0.690686560234366	-0.42668046260826376
625	0.11679014879225519	0.6212957744629188	0.6973951972483629	-0.33762636246970124
626	0.08178895890599724	0.6647735457141355	0.702360709465637	-0.24098990210931293
627	0.046583339217340605	0.6933219362953422	0.7055706856916336	-0.13894132809095192
628	0.01126128544077473	0.706299810900763	0.7070171026575108	-0.0337724313833987
629	-0.02408891568462899	0.703415714445398	0.7066963450741335	0.07215492132398363
630	-0.05937890706608341	0.6847344175178934	0.7046092146684126	0.1764618300552026
631	-0.09452048210381218	0.6506754617727519	0.7007609281794062	0.2768057865125225
632	-0.12942580516159688	0.6020037379292579	0.6951611043191875	0.37093328176263896
633	-0.16400763111013386	0.539812307974926	0.6878237397310754	0.45673041518907365
634	-0.1981795233944187	0.46549785734976246	0.6787671740053146	0.532270368142714
635	-0.23185607008011563	0.38072932840236545	0.668014043839652	0.5958566761346924
636	-0.26495309733892186	0.28741043954277645	0.6555912264593784	0.646061327771465
637	-0.2973878798392863	0.1876369318311996	0.6415297724382666	0.681756834812071
638	-0.32907934751666656	0.08364950315191749	0.6258648280883061	0.7021415531233267
639	-0.35994828820646607	-0.022216513030528295	0.6086355476122265	0.7067576858788055
640	-0.38991754563319225	-0.1275835942262609	0.5898849952383833	0.6955015646886128
641	-0.41891221226097164	-0.2300854229495956	0.5696600375826082	0.6686259777679189
642	-0.4468598165233575	-0.3274200291082086	0.548011226506092	0.6267344928586424
643	-0.47369050396452866	-0.4174014872887527	0.5249926727620404	0.5707679023991601
644	-0.4993372118390376	-0.49800900792901764	0.5006619107469789	0.5019830953543707
645	-0.5237358367337385	-0.5674323198949042	0.47507975469473607	0.4219248301992749
646	-0.5468253947929593	-0.624112325267458	0.4483101466725062	0.33239104297385424
647	-0.568548174146355	-0.666776113320837	0.42041999675901	0.2353924695158245
648	-0.5888498791585502	-0.694465547353041	0.391479015804118	0.1331074886685239
649	-0.6076797661399405	-0.7065587823705851	0.3615595411880417	0.02783320058843236
650	-0.6249907701794828	-0.7027842303864401	0.3307363560155686	-0.07806616117203996
651	-0.6407396227824796	-0.6832266597007174	0.29908650219721666	-0.18221232525326098
652	-0.6548869600192629	-0.6483252911874029	0.26668908788461554	-0.28226639333574455
653	-0.6673974209145341	-0.598863934340418	0.23362508974129517	-0.37598136675414584
654	-0.6782397358313784	-0.5359533846021776	0.19997715054321136	-0.46125260924299427
655	-0.6873868046290689	-0.46100647729272204	0.16582937261486105	-0.5361651125298577
656	-0.6948157643993154	-0.37570635837425553	0.13126710761723645	-0.5990365032927086
657	-0.7005080466116177	-0.28196868462156577	0.09637674321316177	-0.6484548256376722
658	-0.7044494235249296	-0.1818986021006923	0.06124548714309189	-0.6833102505844721
659	-0.706630043749597	-0.07774346912674113	0.025961149251192327	-0.7028200004326424
660	-0.7070444568707032	0.028157614558806988	-0.009388077993525026	-0.7065459282611128
661	-0.7056916270712674	0.13342633892559436	-0.04471383993248008	-0.694404357763481
662	-0.7025749357212484	0.2356985953702176	-0.0799278405581166	-0.6666679624374539
663	-0.6977021729258799	0.3326775694988484	-0.11494206320797258	-0.6239596419259331
664	-0.6910855180544635	0.4221853226268335	-0.14966899056048288	-0.5672385330339226
665	-0.682741509298292	0.502211703586159	-0.1840218233826905	-0.4977784695836972
666	-0.672691002333778	0.5709594923871419	-0.21791469748315914	-0.41713937485331803
667	-0.6609591181941331	0.6268847619047316	-0.2512628983276959	-0.32713222906287887
668	-0.6475751804798573	0.6687315511533012	-0.28398307278160123	-0.22977839866292876
669	-0.6325726420650144	0.695560071462655	-0.31599343744908237	-0.1272642408018303
670	-0.6159890014824749	0.706767812105496	-0.34721398308913753	-0.021892002457761572
671	-0.5978657091970969	0.7021030713894436	-0.37756667459702065	0.08397188306516656
672	-0.5782480640011711	0.6816706093343978	-0.40697564605132996	0.18794994112707483
673	-0.5571850997910128	0.6459292949883407	-0.43536739033933036	0.2877070487073007
674	-0.5347294630077647	0.5956818012177747	-0.46267094288644034	0.38100287623316914
675	-0.510937281048721	0.5320565784056317	-0.4888180590306994	0.4657422005522926
676	-0.4858680219780443	0.45648251188841293	-0.5137433845989092	0.5400219591276314
677	-0.45958434588760044	0.3706568322720958	-0.5373846192580009	0.6021739887192201
678	-0.432151948279338	0.276506999291666	-0.5596826722334473	0.6508024887342692
679	-0.40363939586075737	0.17614741522085267	-0.5805818100054142	0.6848153678992699
680	-0.3741179551638626	0.07183193995548831	-0.6000297956135263	0.703448770275584
681	-0.34366141441591846	-0.034096725820816964	-0.617978019222084	0.7062842298170758
682	-0.3123458991073438	-0.13925965264335108	-0.6343816196193146	0.6932580682153313
683	-0.28024968171760045	-0.2412951078935137	-0.6491995963470584	0.6646628249771891
684	-0.2474529860747714	-0.33791159522178893	-0.6623949121805504	0.6211406876180837
685	-0.21403778683778393	-0.4269393166155447	-0.6739345857021906	0.5636690695149518
686	-0.18008760460242187	-0.5063789013846817	-0.6837897737379244	0.49353865930891666
687	-0.1456872971433699	-0.5744463077168456	-0.6919358434501421	0.412324434821032
688	-0.1109228473139372	-0.6296128884104493	-0.6983524339069557	0.32185029244580654
689	-0.07588114813371694	-0.670639720995211	-0.7030235069739197	0.22414808637029593
690	-0.04064978560130539	-0.6966054312598684	-0.705937387401013	0.12141199750952461
691	-0.005316819774884632	-0.7069268853306345	-0.7070867920046883	0.015949256933410764
692	0.030029435332022094	-0.7013722856008117	-0.7064688478720345	-0.08987166956885478
693	0.06530063248962635	-0.680066376405328	-0.7040850995415644	-0.1936742721244277
694	0.1004086120739236	-0.6434876425318926	-0.6999415051426714	-0.293127368065057
695	0.1352656224198253	-0.5924575634842418	-0.6940484215034115	-0.38599745526404144
696	0.16978453915465677	-0.5281221648234492	-0.6864205782638229	-0.47019887177894626
697	0.20387908296367535	-0.45192628090456344	-0.6770770410595021	-0.5438406353223062
698	0.23746403524345874	-0.3655811070118158	-0.6660411638674395	-0.6052689106471728
699	0.27045545110401703	-0.2710257696016731	-0.6533405306332394	-0.6531041511212595
700	0.30277086918728663	-0.17038377770318136	-0.6390068863256286	-0.6862720803701641
701	0.3343295177776132	-0.06591533348309148	-0.6230760575905548	-0.7040278182087784
702	0.36505251668893823	0.04003342702198637	-0.6055878632032452	-0.7059726090443419
703	0.3948630744242166	0.14508312306309834	-0.5865860145419899	-0.6920627770674116
704	0.4236866801141524	0.2468745649408826	-0.5661180063324677	-0.6626107071163655
705	0.45145128975555626	0.3431217363200633	-0.5442349979356756	-0.618277829187417
706	0.4780875062838616	0.4316631332280812	-0.5209916854761489	-0.5600597641428239
707	0.5035287530296141	0.5105103067742833	-0.49644616513016	-0.4892639642128032
708	0.5277114401254976	0.5778925194252555	-0.47065978791551044	-0.40748035043708636
709	0.5505751234478763	0.6322965119522951	-0.44369700634594766	-0.3165456064660528
710	0.5720626556956132	0.6725004879712784	-0.41562521333345787	-0.21850193060564121
711	0.5921203292285859	0.6976015528554598	-0.3865145737410569	-0.11555117244602517
712	0.6106980103087907	0.7070359908022188	-0.35643784900720654	-0.010005384066833212
713	0.6277492644085992	0.700591924674717	-0.32547021528008147	0.09576510366817198
714	0.6432314722728856	0.6784140743055918	-0.2936890755163632	0.19938491363211797
715	0.6571059364449624	0.641000506401531	-0.2611738660141723	0.2985269682842415
716	0.6693379779900852	0.5891914490387834	-0.22800585786366143	0.3909647508146721
717	0.6798970231747115	0.5241504219520301	-0.19426795381165143	0.4746223079117846
718	0.688756679884926	0.4473381063894981	-0.16004448104790692	0.547620871198184
719	0.695894803592974	0.36047954136118227	-0.12542098043109218	0.6083210503180304
720	0.7012935527070462	0.265525382981687	-0.0904839926811886	0.6553596501100967
721	0.7049394331659735	0.16460809693917006	-0.05532084207272944	0.6876802850322704
722	0.7068233321673454	0.05999406791341483	-0.020019418169631095	0.704557103303345
723	0.7069405409447744	-0.04596729853813927	0.015332043852979876	0.7056110879692193
724	0.705290766537358	-0.15089633856415735	0.05064518375073751	0.6908185688065508
725	0.7018781325219291	-0.2524365721392138	0.08583173706461511	0.6605117539049576
726	0.6967111687062602	-0.3483076245249962	0.12080375573614069	0.6153712689895054
727	0.6898027898089888	-0.43635643857061857	0.15547382793170075	0.5564108720342962
728	0.6811702631795434	-0.5146056277346108	0.18975529652663603	0.48495468644386464
729	0.6708351656387631	-0.5812978839236009	0.2235624757029075	0.40260746409616355
730	0.6588233295480882	-0.634935442843539	0.25681086511900364	0.3112185460750674
731	0.6451647782420986	-0.6743137205568142	0.28941736111682004	0.21284033045648754
732	0.6298936509858268	-0.6985483658405045	0.32130046443748755	0.10968217987239592
733	0.6130481176443628	-0.7070951208083407	0.35238048392710875	0.004060803989120287
734	0.5946702832780733	-0.6997620437694534	0.382579735723125	-0.10165176879719198
735	0.5748060829018877	-0.6767138198249616	0.4118227374235038	-0.20508146200451532
736	0.5535051666716657	-0.63846806239563	0.44003639675346373	-0.3039054677046303
737	0.5308207757846858	-0.5858836887403709	0.4671501942580611	-0.3959044117813997
738	0.5068096094043604	-0.5201416305262941	0.49309635956413167	-0.4790121962888293
739	0.48153168294186294	-0.4427183126494078	0.5178100407709155	-0.5513623995566448
740	0.4550501780488671	-0.3553524959144785	0.5412294665460247	-0.6113301919972141
741	0.4274312846962967	-0.26000622821582303	0.5632961005216292	-0.6575688262752283
742	0.3987440357338995	-0.1588207811716231	0.5839547876048649	-0.6890398823493713
743	0.36906013434404694	-0.05406856177959746	0.6031538918368629	-0.7050365881477967
744	0.33845377482113226	0.051897920945109755	0.6208454254557458	-0.705199692145122
745	0.3070014571244881	0.1566988882506539	0.6369851688410344	-0.6895255313771993
746	0.274781795668296	0.25798073634886187	0.6515327810396854	-0.6583661137033854
747	0.2418753228265307	0.35346889328212794	0.6644519005974483	-0.6124212124689244
748	0.2083642876439323	0.4410189009059984	0.6757102364435785	-0.5527226511042092
749	0.17433245025624233	0.5186645747958685	0.6852796486016893	-0.48061113059501737
750	0.13986487253350174	0.584662160510291	0.6931362185250366	-0.39770612022879237
751	0.10504770546963994	0.6375294945564912	0.6992603088804367	-0.3058694878057385
752	0.06996797384989643	0.676079290586986	0.7036366126313638	-0.2071636861020713
753	0.0347133587341446	0.6994458032913685	0.7062541912975768	-0.1038054346269599
754	-0.0006280217000798488	0.7071042711695108	0.707106502295619	0.001884063118649058
755	-0.03596783240711648	0.6988827015435443	0.7061914152918694	0.10753124886839738
756	-0.07121774226482532	0.6749657331426137	0.7035112175272691	0.21076351459219375
757	-0.10628964485635034	0.6358904895150863	0.699072608100411	0.30926248615741275
758	-0.14109587869031145	0.5825345163916069	0.6928866812232783	0.40081608901389776
759	-0.17554944630886476	0.5160960738998652	0.6849688984914942	0.4833682266193599
760	-0.2095642317360254	0.4380672262254611	0.675339050238389	0.5550649559350065
761	-0.24305521572279282	0.3502003330669255	0.6640212060694648	0.6142961229894052
762	-0.2759386882509581	0.2544686954148415	0.6510436547009275	0.6597315234653174
763	-0.30813245776458664	0.15302223946569757	0.6364388332526193	0.6903507762209751
764	-0.33955605660609023	0.04813923391451391	0.6202432461721141	0.7054662388506793
765	-0.37013094214345	-0.05782487504834449	0.6024973739926194	0.7047384506507669
766	-0.39978069308592357	-0.16249036198066585	0.5832455721527072	0.6881837561751892
767	-0.4284312004974383	-0.263506665691322	0.562535960130838	0.6561739381720687
768	-0.45601085303036953	-0.35860517777722944	0.5404203011717035	0.6094278681446734
769	-0.4824507159165823	-0.44565019067713946	0.516953872905095	0.5489953620472846
770	-0.5076847032684796	-0.5226868610592477	0.49219532918059655	0.4762336036820908
771	-0.5316497432592913	-0.5879851113879875	0.4662065534635152	0.39277666527691757
772	-0.5542859357697856	-0.6400784837356324	0.43905250415845837	0.3004988097458853
773	-0.5755367021073934	-0.6777970732659157	0.4108010522471254	0.20147239878494216
774	-0.5953489264234499	-0.7002938017744312	0.3815228116462309	0.09792135209602365
775	-0.6136730884751754	-0.7070634412389531	0.35129096270946036	-0.007828797055061953
776	-0.6304633874004817	-0.6979539601515826	0.3201810693147086	-0.11340312830219057
777	-0.6456778561962693	-0.6731699378186682	0.2882708899937517	-0.21643066977027592
778	-0.6592784666140954	-0.6332679699506187	0.2556401835763834	-0.31459764499217413
779	-0.6712312242109725	-0.5791441687222232	0.22237050983491272	-0.40569943533981523
780	-0.6815062533177864	-0.5120140380250742	0.18854502562717756	-0.4876900910058125
781	-0.6900778717129028	-0.43338517587064307	0.15424827704772076	-0.5587282786252831
782	-0.696924654814344	-0.34502341698917105	0.1195659881065994	-0.6172186336535185
783	-0.7020294892300942	-0.24891317598846247	0.08458484646396949	-0.6618475888143257
784	-0.7053796155326585	-0.1472128816800343	0.049392286756121	-0.6916128739890981
785	-0.706966660150994	-0.042206503421215055	0.014076272054387953	-0.7058460250429657
786	-0.7067866563000712	0.06374774191263707	-0.021274925996705333	-0.70422739608811
787	-0.7048400538957731	0.1682703503950937	-0.05657294781256908	-0.6867933380413006
788	-0.7011317184303392	0.26901396957704193	-0.09172956672152804	-0.6539353822606649
789	-0.6956709188111707	0.3637161149619833	-0.1266569094855131	-0.6063914475954961
790	-0.6884713041933851	0.45024998053029847	-0.16126767593742772	-0.5452292683197277
791	-0.6795508698640389	0.5266722022172783	-0.19547535718608577	-0.4718224151220479
792	-0.6689319122632857	0.5912665016803463	-0.22919445184337184	-0.3878194476695114
793	-0.656640973254878	0.6425822302106272	-0.2623406797332173	-0.29510689151142583
794	-0.642708773785343	0.6794669471754627	-0.29483119254810985	-0.19576687078271657
795	-0.6271701370976039	0.7010923013505631	-0.32658478092674914	-0.09203034818455968
796	-0.6100639016910115	0.7069726339026524	-0.357522077435142	0.013772977628178529
797	-0.5914328242453324	0.6969758852398539	-0.38756575494384116	0.1192669920561511
798	-0.5713234727512977	0.6713265607854199	-0.4166407199055283	0.22208252696693587
799	-0.5497861101149008	0.6306006890699418	-0.44467430004973985	0.31991056710354937
800	-0.5268745685262878	0.5757128853723764	-0.47159642602572605	0.4105541055892792
801	-0.5026461149073267	0.5078958114326769	-0.49733980653932247	0.491977483965621
802	-0.47716130777413684	0.42867249252661094	-0.5218400965461311	0.5623521086926078
803	-0.4504838458723131	0.33982211360144543	-0.5450360580806465	0.6200975174175802
804	-0.4226804089632644	0.24334006261781269	-0.5668697133192488	0.6639168727522737
805	-0.39382049115950907	0.14139311843783256	-0.5872864894945931	0.6928260864448053
806	-0.36397622722559797	0.03627078964320113	-0.6062353552990949	0.7061759198802084
807	-0.33322221227878174	-0.06966610289161901	-0.6236689484366158	0.7036665645800532
808	-0.3016353153400379	-0.17403844494671464	-0.6395436940035575	0.6853543752545316
809	-0.2692944872015838	-0.2745022587329178	-0.6538199134034053	0.6516506041971623
810	-0.23628056309098355	-0.36880134357973665	-0.6664619235225728	0.6033121654448723
811	-0.20267606062518964	-0.45481794533828873	-0.6774381259195961	0.5414246361205385
812	-0.16856497355948946	-0.5306203165738428	-0.6867210858047745	0.4673778767112053
813	-0.13403256184682688	-0.5945060994486865	-0.6942876006128704	0.38283481779784456
814	-0.099165138532361	-0.6450405570090075	-0.7001187579974256	0.2896941142196531
815	-0.06404985401577	-0.6810887942838384	-0.7041999831017879	0.1900475053795428
816	-0.02877447822065378	-0.7018412455793765	-0.7065210749886582	0.08613283928670519
817	0.006572818784550511	-0.7068318555791487	-0.7070762321371193	-0.01971618468511334
818	0.04190368716585629	-0.6959485459416782	-0.7058640669434206	-0.12512242565449125
819	0.07712981815226083	-0.6694357323384027	-0.7028876091892639	-0.22771868669159923
820	0.11216316476171753	-0.6278888354046155	-0.6981542984689242	-0.32520087695797417
821	0.1469161618727219	-0.5722409088756464	-0.6916759655941416	-0.41537975661937854
822	0.1813019450914975	-0.5037416852115395	-0.6834688030232539	-0.4962301024527211
823	0.215234567867777	-0.42392950930020784	-0.6735533243884787	-0.5659361899936115
824	0.24862921631637835	-0.33459679054779984	-0.661954313222524	-0.6229325707932695
825	0.2814024212077817	-0.2377497492275696	-0.6487007610126554	-0.6659392290158522
826	0.313472266597718	-0.13556336109772144	-0.6338257947370787	-0.6939903278345375
827	0.3447585945743561	-0.030332512134898626	-0.617366594064754	-0.7064559000444304
828	0.3751832056113678	0.07557953965747244	-0.5993642984255723	-0.7030559957678795
829	0.404670054025983	0.17979423792894167	-0.5798639041832213	-0.6838669695251783
830	0.43314543805362354	0.2799711452299056	-0.5589141521676959	-0.6493197654766524
831	0.46053818406391756	0.37386050419099626	-0.5365674058486121	-0.600190239345871
832	0.48677982445769774	0.45935376222336854	-0.5128795204538129	-0.5375817343727715
833	0.511804768800369	0.534530925064168	-0.4879097033603665	-0.4629003026031035
834	0.535550467763807	0.5977036757083157	-0.4617203661069843	-0.37782312799082135
835	0.5579575694671275	0.6474532903687257	-0.43437696839765305	-0.28426086046220067
836	0.578970067825468	0.682662499953934	-0.4059478544864756	-0.18431470683763893
837	0.5985354425360246	0.7025405815231998	-0.3765040823526418	-0.0802292422564495
838	0.6166047903514766	0.7066411162190838	-0.34611924609245803	0.025657998141850935
839	0.6331329473126144	0.6948720148725434	-0.31486929197246605	0.13096901521723242
840	0.648078601634736	0.6674975861271469	-0.28283232860330043	0.23333875056327927
841	0.6614043969655836	0.6251326006367415	-0.2500884317088512	0.33046820062018734
842	0.6730770257567668	0.5687284846419642	-0.21671944397867188	0.42017604733832087
843	0.6830673125152985	0.4995519529879834	-0.18280877050384595	0.5004476458790588
844	0.6913502867271197	0.4191565614400127	-0.1484411703077322	0.5694802691944515
845	0.697905245270393	0.32934781717003014	-0.11370254449251632	0.6257235933903533
846	0.7027158041625163	0.23214263095816057	-0.07867972153120463	0.6679145146587422
847	0.7057699395115491	0.12972402172480235	-0.04346024024167682	0.6951055158661473
848	0.7070600175696823	0.024392090631887527	-0.008132130985195366	0.7066859457457786
849	0.7065828138136302	-0.08148763423037736	0.02721630436361211	0.7023957328084618
850	0.7043395210042599	-0.18553732250474406	0.06249671312548791	0.6823312259876213
851	0.7003357462053105	-0.28542024251040277	0.09762091265221397	0.6469430308499373
852	0.6945814967686541	-0.3788932391987972	0.1325011107372931	0.5970258899657896
853	0.6870911553211259	-0.46385711058015633	0.16705012505077826	0.5337008347044518
854	0.6778834438154523	-0.5384037512744695	0.201181601049655	0.45839000928639256
855	0.6669813767351132	-0.600859004444777	0.23481022781926006	0.3727847324899869
856	0.654412203570121	-0.649820259750417	0.2678519513061245	0.2788075142780418
857	0.6402073407074925	-0.6841879529514141	0.30022418440931836	0.17856888036876223
858	0.6244022929066312	-0.7031902597508346	0.33184601340522657	0.07431997437805005
859	0.607036564555933	-0.7064004293044999	0.36263840018967963	-0.03159799801281998
860	0.5881535609323771	-0.6937463681249543	0.39252437983208704	-0.13680634748956433
861	0.5678004797109404	-0.6655122591457475	0.4214292529476634	-0.2389423213386931
862	0.5460281929950032	-0.6223321795854335	0.44928077240697883	-0.33571216577962104
863	0.5228911201625608	-0.5651758609401965	0.4760093239161839	-0.4249426387296383
864	0.4984470918461465	-0.4953269109051126	0.5015481000164582	-0.5046298161357479
865	0.4727572053863443	-0.4143539863125611	0.5258332670678928	-0.5729840957887835
866	0.4458856721202654	-0.3240755644816094	0.5488041248003326	-0.6284703879308284
867	0.4178996568866591	-0.22651910413787654	0.5704032580324314	-0.6698425900617053
868	0.38886911014876596	-0.1238755130614059	0.5905766801797264	-0.6961715717147414
869	0.35886659315462266	-0.018449945021351333	0.6092739681929586	-0.7068660407239189
870	0.32796709657170187	0.08738996900816137	0.6264483885894574	-0.7016858223712038
871	0.29624785304930945	0.19126729273536008	0.6420570142624988	-0.6807472531929057
872	0.2637881441771977	0.29084916541552525	0.656060831776711	-0.6445205683118982
873	0.23066910232284782	0.3838991928740677	0.6684248388813595	-0.5938193409705002
874	0.19697350784284207	0.4683276720981989	0.6791181319977297	-0.529782211429453
875	0.16278558217504896	0.5422385214615607	0.6881139834619917	-0.4538473155623821
876	0.12819077732890566	0.6039718626297965	0.6953899083304349	-0.3677199874245267
877	0.09327556229991137	0.6521412978494376	0.7009277205801147	-0.2733344611263848
878	0.05812720694213607	0.6856650454526046	0.7047135785644447	-0.17281043210546476
879	0.022833563839074655	0.7037902343410334	0.7067380196101006	-0.06840545333665693
880	-0.012517151282094284	0.7061098118478836	0.7069959836687767	0.03753576444068483
881	-0.047836580043869384	0.6925716852630611	0.7054868259646714	0.14263400987101038
882	-0.08303644226833908	0.6634798917231958	0.7022143186060911	0.24452900294029856
883	-0.1180287566316861	0.6194877701929989	0.6971866411571424	0.3409324017768127
884	-0.15272606057163712	0.5615832888806648	0.6904163601930856	0.4296791938760542
885	-0.18704162889835396	0.49106685760180807	0.6819203978904358	0.50877631761422
886	-0.2208896905622269	0.40952212337853366	0.6717199897303368	0.5764474221154409
887	-0.25418564303681646	0.3187804051415031	0.6598406314209213	0.6311727602628454
888	-0.28684626378114264	0.22087956625475702	0.6463120151713093	0.6717233189424869
889	-0.31878991825265784	0.11801824849803455	0.6311679554765623	0.6971884200282273
890	-0.3499367639511214	0.012506495312293697	0.6144463045990408	0.7069961722491881
891	-0.3802089499832553	-0.09328612679577203	0.5961888579574688	0.7009263146347433
892	-0.40953081164941985	-0.1969837436089465	0.5764412496601605	0.6791151631010789
893	-0.4378290595659886	-0.2962575302124322	0.5552528384434985	0.6420525490895815
894	-0.4650329628506052	-0.38887801138067224	0.5326765843008192	0.590570819008706
895	-0.49107452591258044	-0.47276513078455223	0.5087689161099903	0.5258261415280387
896	-0.5158886584064472	-0.5460349645721702	0.4835895905906123	0.44927254252254156
897	-0.5394133379239139	-0.6070420302370245	0.4572015429433517	0.36262925078613195
898	-0.5615897650176098	-0.6544162406077298	0.42967072954468966	0.26784208785933167
899	-0.5823625101690545	-0.6870936730520842	0.40106596309035997	0.16703976907250467
900	-0.6016796523336089	-0.7043404628857595	0.3714587405994202	0.062486097188684864
901	-0.6194929087160377	-0.705769284390964	0.3409230647089504	-0.0434708777259753
902	-0.6357577554523437	-0.691348049317046	0.3095352587060122	-0.14845159044454667
903	-0.6504335388962598	-0.6614006275134237	0.2773737757591509	-0.2500984004843879
904	-0.663483577232172	-0.6165995735110046	0.24451900282636638	-0.34612853962949564
905	-0.6748752521605713	-0.5579510223973376	0.21105305972955096	-0.4343853779833823
906	-0.6845800904268077	-0.48677209419165074	0.17705959389771558	-0.5128868572270836
907	-0.6925738349893946	-0.404661314168799	0.14262357129199466	-0.579870003375912
908	-0.6988365056499899	-0.3134627134277349	0.10783106403495887	-0.6338305193744788
909	-0.7033524489934763	-0.21522441592861036	0.07276903527517325	-0.6735565683654108
910	-0.7061103775133534	-0.11215264204403996	0.037525121824580676	-0.6981559889326605
911	-0.7071033978246232	-0.006562161605895853	0.002187415112127271	-0.707076331123492
912	-0.7063290278936621	0.09917569083472078	-0.033155758998917643	-0.700117263283413
913	-0.7037892032420134	0.20268627106930753	-0.06841606097965579	-0.6774350710732497
914	-0.6994902721085918	0.30164495462133706	-0.10350535843833558	-0.6395391476301443
915	-0.6934429795823903	0.3938293428005092	-0.13833594640546815	-0.5872805536958625
916	-0.6856624407453545	0.4771691729860804	-0.1728207665505601	-0.5218329046273147
917	-0.6761681028925527	0.5497928122620724	-0.20687362478258628	-0.44466601352583895
918	-0.6649836969240586	0.6100692902576436	-0.2404094066903616	-0.35751288240360646
919	-0.6521371780300708	0.6566449272253727	-0.2733442902842053	-0.2623307826946446
920	-0.6376606558174847	0.6884737347700898	-0.3055959555072929	-0.1612572991579732
921	-0.6215903140526029	0.7048409064931793	-0.33708378999291366	-0.05656232433230873
922	-0.6039663202205692	0.7053788710032648	-0.367729090553392	0.04940291835670846
923	-0.5848327251275608	0.6900755467772324	-0.39745525989709934	0.15425867800582146
924	-0.5642373527967317	0.6592746134851938	-0.4261879980817578	0.2556501203088869
925	-0.542231680933044	0.6136677936860149	-0.4538554882256308	0.3513002120587731
926	-0.5188707122558206	0.5542793182299055	-0.48038857601231255	0.4390608584041523
927	-0.49421283702060437	0.4824429242416708	-0.5057209425404939	0.5169611444288106
928	-0.4683196870739032	0.39977190226018977	-0.529789270086703	0.5832515976517078
929	-0.44125598180569914	0.30812286521104115	-0.5525334003666103	0.6364434774071762
930	-0.4130893663846536	0.20955405288273696	-0.5738964848994332	0.6753422087508074
931	-0.38389024268042593	0.106279108298405	-0.5938251270995223	0.6990742100373148
932	-0.35373159329567483	0.000617364065868431	-0.6122695157400078	0.7071065116809563
933	-0.3226887991475327	-0.1050582448326447	-0.6291835494549449	0.6992587255034319
934	-0.29083945105460407	-0.2083744720443389	-0.6445249519687011	0.6757070958634687
935	-0.2582631558002973	-0.3070110578426254	-0.6582553777646417	0.6369805415884789
936	-0.2250413371573364	-0.3987528371583491	-0.6703405079289465	0.5839487775979733
937	-0.19125703237074987	-0.48153948741159364	-0.680750135930015	0.5178027829814935
938	-0.1569946846079684	-0.5535117989151231	-0.6894582431190771	0.44002805417580393
939	-0.12233993189492312	-0.613053428715645	-0.6964430637632523	0.35237124391753577
940	-0.08737939306554554	-0.6588272001719884	-0.7016871394485554	0.2568009351882087
941	-0.05220045125980727	-0.6898051330596435	-0.7051773627168362	0.15546343108450797
942	-0.016891035511393968	-0.7052915297904054	-0.7069050098275954	0.05063455347793486
943	0.018460599029121585	-0.7049385992803959	-0.706865762562798	-0.05533146703814722
944	0.05376609168615345	-0.6887542675879968	-0.7050597190201664	-0.1600548620921028
945	0.08893719711480919	-0.6571019999116721	-0.7014913933679884	-0.26118377000127935
946	0.1238860058682798	-0.6106926379451832	-0.6961697045620447	-0.35644705351503947
947	0.1585251641256594	-0.5505684359056632	-0.6891079540528702	-0.44370530466109115
948	0.19276809203103917	-0.47807965375081374	-0.6803237925390473	-0.5209988912363459
949	0.22652920009801816	-0.39485423325131175	-0.6698391758496602	-0.5865919659213881
950	0.25972410313887906	-0.30276123792820503	-0.6576803100661482	-0.6390114496690813
951	0.29226983118359556	-0.20386887791571842	-0.6438775860207534	-0.6770801138841592
952	0.324085036861534	-0.10039806242048155	-0.6284655033352731	-0.6999430184395106
953	0.35509019872754777	0.0053274771113538955	-0.6114825841899592	-0.7070867117883266
954	0.38520782002413845	0.11093337299261258	-0.5929712770381469	-0.6983507619788796
955	0.4143626223830239	0.2140479444746196	-0.5729778505072105	-0.6739313596103018
956	0.4424817339818379	0.3123554605837291	-0.5515522777510994	-0.6343769118146768
957	0.4694948716857257	0.4036481464465323	-0.5287481115434871	-0.5805757262151757
958	0.49533451671860546	0.4858757651539294	-0.5046223504237061	-0.513736061451874
959	0.5199360834249144	0.5571916616619564	-0.47923529623010885	-0.4353589922976067
960	0.5432380807001393	0.615994234683007	-0.4526504033768544	-0.3472046987546347
961	0.5651822656865403	0.6609629051978587	-0.4249341202509268	-0.251252936206538
962	0.5857137893499557	0.6910877738134367	-0.3961557231257874	-0.14965857438044747
963	0.6047813335738441	0.7056923009260077	-0.366387143006742	-0.044703203618500165
964	0.6223372394278248	0.7044485003421106	-0.3357027858409192	0.06125610472231491
965	0.6383376262902052	0.6873843051413888	-0.3041793465411257	0.1658397330113931
966	0.6527425015266715	0.654882940359822	-0.27189561728851597	0.2666989584263007
967	0.6655158604510427	0.6076743165816287	-0.23893229059319016	0.3615687002037794
968	0.6766257763182475	0.5468186377210996	-0.20537175760490745	0.4483183884705607
969	0.686044480124548	0.47368259112840033	-0.17129790217816152	0.5249998122493805
970	0.6937484300155956	0.38990865473803327	-0.13679589120619287	0.5898908720775201
971	0.6997183701288031	0.2973782105554217	-0.1019519617481268	0.6415342546480705
972	0.7039393787229704	0.1981692928731313	-0.06685320548125065	0.6787701609250091
973	0.7064009054748726	0.09450992010054256	-0.031587351017142766	0.700762352729218
974	0.707096797849567	-0.011271941726191219	0.0037574553741285674	0.7070169328451202
975	0.7060253164785314	-0.11680066004261927	0.0390928700838095	0.6973934368873917
976	0.7031891395071761	-0.2197062873417872	0.0743305729774591	0.672107987828212
977	0.6985953559008777	-0.3176777850858959	0.10938248814927415	0.6317284423412637
978	0.6922554477262545	-0.4085149246496574	0.14416100406601962	0.5771616379650373
979	0.6841852614519847	-0.4901776997116972	0.1785791925501946	0.509633027486788
980	0.674404968340881	-0.5608321403986328	0.2125510260552397	0.430659157914804
981	0.6629390140322418	-0.6188915002945796	0.24599159268958617	0.34201361210209813
982	0.6498160574404876	-0.6630518913448112	0.2788173084521488	0.24568717789919076
983	0.6350688991227913	-0.6923215663705065	0.3109461261488331	0.1438431393507817
984	0.6187343992947791	-0.706043191572255	0.3422977404677526	0.03876869399997729
985	0.6008533856991762	-0.7039086088301	0.3727937887007199	-0.06717641263772134
986	0.5814705515577169	-0.6859657562705387	0.4023580466091917	-0.17161288187134432
987	0.5606343438613755	-0.6526175916795693	0.4309166189451564	-0.2721952957535436
988	0.5383968422780993	-0.6046130429395182	0.45839812415079895	-0.36666479011137154
989	0.5148136289807864	-0.5430301887234343	0.4847338727751889	-0.4528997837656706
990	0.4899436497207769	-0.46925204717224855	0.509858039162162	-0.5289636246705948
991	0.463849066494182	-0.3849355162889516	0.5337078259801668	-0.5931480829433391
992	0.43659510216927927	-0.2919741635815509	0.5562236211828805	-0.6440117140245616
993	0.40824987746328334	-0.19245570061904363	0.5773491470083022	-0.6804122304156746
994	0.3788842406760592	-0.08861509753051922	0.5970316006438234	-0.7015321549933805
995	0.3485715906062433	0.017215609605725324	0.6152217862057825	-0.7068971797835265
996	0.3173876930924824	0.12265969126489229	0.6318742377035418	-0.6963868178956298
997	0.2854104916383104	0.22534910069683936	0.6469473326807818	-0.6702371093987006
998	0.25271991259394827	0.32297765515098487	0.6604033962499792	-0.6290353203701454
999	0.2193976653820923	0.41335282776893656	0.6722087952599902	-0.5737067541657705
